product-id,view-type,path
LMACRRTMOZ0004,large,images/FA00154666_1.jpg
LMACRRTMOZ0004,large,images/FA00154666_2.jpg
LMACRRTMOZ0004,large,images/FA00154666_3.jpg
LMACRRTMOZ0004,large,images/FA00154666_4.jpg
LMACRRTMOZ0004,large,images/FA00154666_5.jpg
LMACRRTMOZ0004,large,images/FA00154666_6.jpg
LMACRRTMOZ0004,large,images/FA00154666_7.jpg
LMACRRTMOZ0004,medium,images/FA00154666_1.jpg
LMACRRTMOZ0004,medium,images/FA00154666_2.jpg
LMACRRTMOZ0004,medium,images/FA00154666_3.jpg
LMACRRTMOZ0004,medium,images/FA00154666_4.jpg
LMACRRTMOZ0004,medium,images/FA00154666_5.jpg
LMACRRTMOZ0004,medium,images/FA00154666_6.jpg
LMACRRTMOZ0004,medium,images/FA00154666_7.jpg
LMACRRTMOZ0004,small,images/FA00154666_1.jpg
LMACRRTMOZ0004,small,images/FA00154666_2.jpg
LMACRRTMOZ0004,small,images/FA00154666_3.jpg
LMACRRTMOZ0004,small,images/FA00154666_4.jpg
LMACRRTMOZ0004,small,images/FA00154666_5.jpg
LMACRRTMOZ0004,small,images/FA00154666_6.jpg
LMACRRTMOZ0004,small,images/FA00154666_7.jpg
LMACRRTMOZ0009,large,images/FA00154686_1.jpg
LMACRRTMOZ0009,large,images/FA00154686_2.jpg
LMACRRTMOZ0009,large,images/FA00154686_3.jpg
LMACRRTMOZ0009,large,images/FA00154686_4.jpg
LMACRRTMOZ0009,large,images/FA00154686_5.jpg
LMACRRTMOZ0009,large,images/FA00154686_6.jpg
LMACRRTMOZ0009,large,images/FA00154686_7.jpg
LMACRRTMOZ0009,medium,images/FA00154686_1.jpg
LMACRRTMOZ0009,medium,images/FA00154686_2.jpg
LMACRRTMOZ0009,medium,images/FA00154686_3.jpg
LMACRRTMOZ0009,medium,images/FA00154686_4.jpg
LMACRRTMOZ0009,medium,images/FA00154686_5.jpg
LMACRRTMOZ0009,medium,images/FA00154686_6.jpg
LMACRRTMOZ0009,medium,images/FA00154686_7.jpg
LMACRRTMOZ0009,small,images/FA00154686_1.jpg
LMACRRTMOZ0009,small,images/FA00154686_2.jpg
LMACRRTMOZ0009,small,images/FA00154686_3.jpg
LMACRRTMOZ0009,small,images/FA00154686_4.jpg
LMACRRTMOZ0009,small,images/FA00154686_5.jpg
LMACRRTMOZ0009,small,images/FA00154686_6.jpg
LMACRRTMOZ0009,small,images/FA00154686_7.jpg
LMACRRTMOZ0015,large,images/FA00154712_1.jpg
LMACRRTMOZ0015,large,images/FA00154712_2.jpg
LMACRRTMOZ0015,large,images/FA00154712_3.jpg
LMACRRTMOZ0015,large,images/FA00154712_4.jpg
LMACRRTMOZ0015,large,images/FA00154712_5.jpg
LMACRRTMOZ0015,large,images/FA00154712_6.jpg
LMACRRTMOZ0015,large,images/FA00154712_7.jpg
LMACRRTMOZ0015,medium,images/FA00154712_1.jpg
LMACRRTMOZ0015,medium,images/FA00154712_2.jpg
LMACRRTMOZ0015,medium,images/FA00154712_3.jpg
LMACRRTMOZ0015,medium,images/FA00154712_4.jpg
LMACRRTMOZ0015,medium,images/FA00154712_5.jpg
LMACRRTMOZ0015,medium,images/FA00154712_6.jpg
LMACRRTMOZ0015,medium,images/FA00154712_7.jpg
LMACRRTMOZ0015,small,images/FA00154712_1.jpg
LMACRRTMOZ0015,small,images/FA00154712_2.jpg
LMACRRTMOZ0015,small,images/FA00154712_3.jpg
LMACRRTMOZ0015,small,images/FA00154712_4.jpg
LMACRRTMOZ0015,small,images/FA00154712_5.jpg
LMACRRTMOZ0015,small,images/FA00154712_6.jpg
LMACRRTMOZ0015,small,images/FA00154712_7.jpg
LMACRRTMOZ0016,large,images/FA00154713_1.jpg
LMACRRTMOZ0016,large,images/FA00154713_2.jpg
LMACRRTMOZ0016,large,images/FA00154713_3.jpg
LMACRRTMOZ0016,large,images/FA00154713_4.jpg
LMACRRTMOZ0016,large,images/FA00154713_5.jpg
LMACRRTMOZ0016,large,images/FA00154713_6.jpg
LMACRRTMOZ0016,large,images/FA00154713_7.jpg
LMACRRTMOZ0016,medium,images/FA00154713_1.jpg
LMACRRTMOZ0016,medium,images/FA00154713_2.jpg
LMACRRTMOZ0016,medium,images/FA00154713_3.jpg
LMACRRTMOZ0016,medium,images/FA00154713_4.jpg
LMACRRTMOZ0016,medium,images/FA00154713_5.jpg
LMACRRTMOZ0016,medium,images/FA00154713_6.jpg
LMACRRTMOZ0016,medium,images/FA00154713_7.jpg
LMACRRTMOZ0016,small,images/FA00154713_1.jpg
LMACRRTMOZ0016,small,images/FA00154713_2.jpg
LMACRRTMOZ0016,small,images/FA00154713_3.jpg
LMACRRTMOZ0016,small,images/FA00154713_4.jpg
LMACRRTMOZ0016,small,images/FA00154713_5.jpg
LMACRRTMOZ0016,small,images/FA00154713_6.jpg
LMACRRTMOZ0016,small,images/FA00154713_7.jpg
LMFCSSINHK0016,large,images/FA00155226_1.jpg
LMFCSSINHK0016,large,images/FA00155226_2.jpg
LMFCSSINHK0016,large,images/FA00155226_3.jpg
LMFCSSINHK0016,large,images/FA00155226_4.jpg
LMFCSSINHK0016,large,images/FA00155226_5.jpg
LMFCSSINHK0016,medium,images/FA00155226_1.jpg
LMFCSSINHK0016,medium,images/FA00155226_2.jpg
LMFCSSINHK0016,medium,images/FA00155226_3.jpg
LMFCSSINHK0016,medium,images/FA00155226_4.jpg
LMFCSSINHK0016,medium,images/FA00155226_5.jpg
LMFCSSINHK0016,small,images/FA00155226_1.jpg
LMFCSSINHK0016,small,images/FA00155226_2.jpg
LMFCSSINHK0016,small,images/FA00155226_3.jpg
LMFCSSINHK0016,small,images/FA00155226_4.jpg
LMFCSSINHK0016,small,images/FA00155226_5.jpg
SUFCTCINHN0065,large,images/FA00171613_1.jpg
SUFCTCINHN0065,large,images/FA00171613_2.jpg
SUFCTCINHN0065,large,images/FA00171613_3.jpg
SUFCTCINHN0065,large,images/FA00171613_4.jpg
SUFCTCINHN0065,medium,images/FA00171613_1.jpg
SUFCTCINHN0065,medium,images/FA00171613_2.jpg
SUFCTCINHN0065,medium,images/FA00171613_3.jpg
SUFCTCINHN0065,medium,images/FA00171613_4.jpg
SUFCTCINHN0065,small,images/FA00171613_1.jpg
SUFCTCINHN0065,small,images/FA00171613_2.jpg
SUFCTCINHN0065,small,images/FA00171613_3.jpg
SUFCTCINHN0065,small,images/FA00171613_4.jpg
LMFCCAINHK0084,large,images/FA00171866_1.jpg
LMFCCAINHK0084,large,images/FA00171866_2.jpg
LMFCCAINHK0084,large,images/FA00171866_3.jpg
LMFCCAINHK0084,large,images/FA00171866_4.jpg
LMFCCAINHK0084,large,images/FA00171866_5.jpg
LMFCCAINHK0084,large,images/FA00171866_6.jpg
LMFCCAINHK0084,large,images/FA00171866_7.jpg
LMFCCAINHK0084,large,images/FA00171866_8.jpg
LMFCCAINHK0084,large,images/FA00171866_9.jpg
LMFCCAINHK0084,medium,images/FA00171866_1.jpg
LMFCCAINHK0084,medium,images/FA00171866_2.jpg
LMFCCAINHK0084,medium,images/FA00171866_3.jpg
LMFCCAINHK0084,medium,images/FA00171866_4.jpg
LMFCCAINHK0084,medium,images/FA00171866_5.jpg
LMFCCAINHK0084,medium,images/FA00171866_6.jpg
LMFCCAINHK0084,medium,images/FA00171866_7.jpg
LMFCCAINHK0084,medium,images/FA00171866_8.jpg
LMFCCAINHK0084,medium,images/FA00171866_9.jpg
LMFCCAINHK0084,small,images/FA00171866_1.jpg
LMFCCAINHK0084,small,images/FA00171866_2.jpg
LMFCCAINHK0084,small,images/FA00171866_3.jpg
LMFCCAINHK0084,small,images/FA00171866_4.jpg
LMFCCAINHK0084,small,images/FA00171866_5.jpg
LMFCCAINHK0084,small,images/FA00171866_6.jpg
LMFCCAINHK0084,small,images/FA00171866_7.jpg
LMFCCAINHK0084,small,images/FA00171866_8.jpg
LMFCCAINHK0084,small,images/FA00171866_9.jpg
LMFCCAINHL0198,large,images/FA00171871_1.jpg
LMFCCAINHL0198,large,images/FA00171871_2.jpg
LMFCCAINHL0198,large,images/FA00171871_3.jpg
LMFCCAINHL0198,medium,images/FA00171871_1.jpg
LMFCCAINHL0198,medium,images/FA00171871_2.jpg
LMFCCAINHL0198,medium,images/FA00171871_3.jpg
LMFCCAINHL0198,small,images/FA00171871_1.jpg
LMFCCAINHL0198,small,images/FA00171871_2.jpg
LMFCCAINHL0198,small,images/FA00171871_3.jpg
LMFCCAINHL0201,large,images/FA00171878_1.jpg
LMFCCAINHL0201,large,images/FA00171878_2.jpg
LMFCCAINHL0201,large,images/FA00171878_3.jpg
LMFCCAINHL0201,large,images/FA00171878_4.jpg
LMFCCAINHL0201,large,images/FA00171878_5.jpg
LMFCCAINHL0201,large,images/FA00171878_6.jpg
LMFCCAINHL0201,medium,images/FA00171878_1.jpg
LMFCCAINHL0201,medium,images/FA00171878_2.jpg
LMFCCAINHL0201,medium,images/FA00171878_3.jpg
LMFCCAINHL0201,medium,images/FA00171878_4.jpg
LMFCCAINHL0201,medium,images/FA00171878_5.jpg
LMFCCAINHL0201,medium,images/FA00171878_6.jpg
LMFCCAINHL0201,small,images/FA00171878_1.jpg
LMFCCAINHL0201,small,images/FA00171878_2.jpg
LMFCCAINHL0201,small,images/FA00171878_3.jpg
LMFCCAINHL0201,small,images/FA00171878_4.jpg
LMFCCAINHL0201,small,images/FA00171878_5.jpg
LMFCCAINHL0201,small,images/FA00171878_6.jpg
LMFCCAINHL0203,large,images/FA00171906_1.jpg
LMFCCAINHL0203,large,images/FA00171906_2.jpg
LMFCCAINHL0203,large,images/FA00171906_3.jpg
LMFCCAINHL0203,large,images/FA00171906_4.jpg
LMFCCAINHL0203,large,images/FA00171906_5.jpg
LMFCCAINHL0203,large,images/FA00171906_6.jpg
LMFCCAINHL0203,large,images/FA00171906_7.jpg
LMFCCAINHL0203,large,images/FA00171906_8.jpg
LMFCCAINHL0203,large,images/FA00171906_9.jpg
LMFCCAINHL0203,medium,images/FA00171906_1.jpg
LMFCCAINHL0203,medium,images/FA00171906_2.jpg
LMFCCAINHL0203,medium,images/FA00171906_3.jpg
LMFCCAINHL0203,medium,images/FA00171906_4.jpg
LMFCCAINHL0203,medium,images/FA00171906_5.jpg
LMFCCAINHL0203,medium,images/FA00171906_6.jpg
LMFCCAINHL0203,medium,images/FA00171906_7.jpg
LMFCCAINHL0203,medium,images/FA00171906_8.jpg
LMFCCAINHL0203,medium,images/FA00171906_9.jpg
LMFCCAINHL0203,small,images/FA00171906_1.jpg
LMFCCAINHL0203,small,images/FA00171906_2.jpg
LMFCCAINHL0203,small,images/FA00171906_3.jpg
LMFCCAINHL0203,small,images/FA00171906_4.jpg
LMFCCAINHL0203,small,images/FA00171906_5.jpg
LMFCCAINHL0203,small,images/FA00171906_6.jpg
LMFCCAINHL0203,small,images/FA00171906_7.jpg
LMFCCAINHL0203,small,images/FA00171906_8.jpg
LMFCCAINHL0203,small,images/FA00171906_9.jpg
LMFCCAINHK0089,large,images/FA00171921_1.jpg
LMFCCAINHK0089,large,images/FA00171921_2.jpg
LMFCCAINHK0089,large,images/FA00171921_3.jpg
LMFCCAINHK0089,large,images/FA00171921_4.jpg
LMFCCAINHK0089,large,images/FA00171921_5.jpg
LMFCCAINHK0089,large,images/FA00171921_6.jpg
LMFCCAINHK0089,large,images/FA00171921_7.jpg
LMFCCAINHK0089,large,images/FA00171921_8.jpg
LMFCCAINHK0089,large,images/FA00171921_9.jpg
LMFCCAINHK0089,medium,images/FA00171921_1.jpg
LMFCCAINHK0089,medium,images/FA00171921_2.jpg
LMFCCAINHK0089,medium,images/FA00171921_3.jpg
LMFCCAINHK0089,medium,images/FA00171921_4.jpg
LMFCCAINHK0089,medium,images/FA00171921_5.jpg
LMFCCAINHK0089,medium,images/FA00171921_6.jpg
LMFCCAINHK0089,medium,images/FA00171921_7.jpg
LMFCCAINHK0089,medium,images/FA00171921_8.jpg
LMFCCAINHK0089,medium,images/FA00171921_9.jpg
LMFCCAINHK0089,small,images/FA00171921_1.jpg
LMFCCAINHK0089,small,images/FA00171921_2.jpg
LMFCCAINHK0089,small,images/FA00171921_3.jpg
LMFCCAINHK0089,small,images/FA00171921_4.jpg
LMFCCAINHK0089,small,images/FA00171921_5.jpg
LMFCCAINHK0089,small,images/FA00171921_6.jpg
LMFCCAINHK0089,small,images/FA00171921_7.jpg
LMFCCAINHK0089,small,images/FA00171921_8.jpg
LMFCCAINHK0089,small,images/FA00171921_9.jpg
LMFCCAINHL0206,large,images/FA00171926_1.jpg
LMFCCAINHL0206,large,images/FA00171926_2.jpg
LMFCCAINHL0206,large,images/FA00171926_3.jpg
LMFCCAINHL0206,large,images/FA00171926_4.jpg
LMFCCAINHL0206,large,images/FA00171926_5.jpg
LMFCCAINHL0206,large,images/FA00171926_6.jpg
LMFCCAINHL0206,large,images/FA00171926_7.jpg
LMFCCAINHL0206,large,images/FA00171926_8.jpg
LMFCCAINHL0206,large,images/FA00171926_9.jpg
LMFCCAINHL0206,medium,images/FA00171926_1.jpg
LMFCCAINHL0206,medium,images/FA00171926_2.jpg
LMFCCAINHL0206,medium,images/FA00171926_3.jpg
LMFCCAINHL0206,medium,images/FA00171926_4.jpg
LMFCCAINHL0206,medium,images/FA00171926_5.jpg
LMFCCAINHL0206,medium,images/FA00171926_6.jpg
LMFCCAINHL0206,medium,images/FA00171926_7.jpg
LMFCCAINHL0206,medium,images/FA00171926_8.jpg
LMFCCAINHL0206,medium,images/FA00171926_9.jpg
LMFCCAINHL0206,small,images/FA00171926_1.jpg
LMFCCAINHL0206,small,images/FA00171926_2.jpg
LMFCCAINHL0206,small,images/FA00171926_3.jpg
LMFCCAINHL0206,small,images/FA00171926_4.jpg
LMFCCAINHL0206,small,images/FA00171926_5.jpg
LMFCCAINHL0206,small,images/FA00171926_6.jpg
LMFCCAINHL0206,small,images/FA00171926_7.jpg
LMFCCAINHL0206,small,images/FA00171926_8.jpg
LMFCCAINHL0206,small,images/FA00171926_9.jpg
SUFCCAINHN0097,large,images/FA00172118_1.jpg
SUFCCAINHN0097,large,images/FA00172118_2.jpg
SUFCCAINHN0097,large,images/FA00172118_3.jpg
SUFCCAINHN0097,large,images/FA00172118_4.jpg
SUFCCAINHN0097,medium,images/FA00172118_1.jpg
SUFCCAINHN0097,medium,images/FA00172118_2.jpg
SUFCCAINHN0097,medium,images/FA00172118_3.jpg
SUFCCAINHN0097,medium,images/FA00172118_4.jpg
SUFCCAINHN0097,small,images/FA00172118_1.jpg
SUFCCAINHN0097,small,images/FA00172118_2.jpg
SUFCCAINHN0097,small,images/FA00172118_3.jpg
SUFCCAINHN0097,small,images/FA00172118_4.jpg
SUFCCAINHN0090,large,images/FA00172138_1.jpg
SUFCCAINHN0090,large,images/FA00172138_2.jpg
SUFCCAINHN0090,large,images/FA00172138_3.jpg
SUFCCAINHN0090,large,images/FA00172138_4.jpg
SUFCCAINHN0090,large,images/FA00172138_5.jpg
SUFCCAINHN0090,large,images/FA00172138_6.jpg
SUFCCAINHN0090,large,images/FA00172138_7.jpg
SUFCCAINHN0090,medium,images/FA00172138_1.jpg
SUFCCAINHN0090,medium,images/FA00172138_2.jpg
SUFCCAINHN0090,medium,images/FA00172138_3.jpg
SUFCCAINHN0090,medium,images/FA00172138_4.jpg
SUFCCAINHN0090,medium,images/FA00172138_5.jpg
SUFCCAINHN0090,medium,images/FA00172138_6.jpg
SUFCCAINHN0090,medium,images/FA00172138_7.jpg
SUFCCAINHN0090,small,images/FA00172138_1.jpg
SUFCCAINHN0090,small,images/FA00172138_2.jpg
SUFCCAINHN0090,small,images/FA00172138_3.jpg
SUFCCAINHN0090,small,images/FA00172138_4.jpg
SUFCCAINHN0090,small,images/FA00172138_5.jpg
SUFCCAINHN0090,small,images/FA00172138_6.jpg
SUFCCAINHN0090,small,images/FA00172138_7.jpg
SUFCCAINHN0098,large,images/FA00172158_1.jpg
SUFCCAINHN0098,large,images/FA00172158_2.jpg
SUFCCAINHN0098,large,images/FA00172158_3.jpg
SUFCCAINHN0098,large,images/FA00172158_4.jpg
SUFCCAINHN0098,medium,images/FA00172158_1.jpg
SUFCCAINHN0098,medium,images/FA00172158_2.jpg
SUFCCAINHN0098,medium,images/FA00172158_3.jpg
SUFCCAINHN0098,medium,images/FA00172158_4.jpg
SUFCCAINHN0098,small,images/FA00172158_1.jpg
SUFCCAINHN0098,small,images/FA00172158_2.jpg
SUFCCAINHN0098,small,images/FA00172158_3.jpg
SUFCCAINHN0098,small,images/FA00172158_4.jpg
SUFCCAINHN0091,large,images/FA00172178_1.jpg
SUFCCAINHN0091,large,images/FA00172178_2.jpg
SUFCCAINHN0091,large,images/FA00172178_3.jpg
SUFCCAINHN0091,medium,images/FA00172178_1.jpg
SUFCCAINHN0091,medium,images/FA00172178_2.jpg
SUFCCAINHN0091,medium,images/FA00172178_3.jpg
SUFCCAINHN0091,small,images/FA00172178_1.jpg
SUFCCAINHN0091,small,images/FA00172178_2.jpg
SUFCCAINHN0091,small,images/FA00172178_3.jpg
SUFCCAINHN0092,large,images/FA00172198_1.jpg
SUFCCAINHN0092,large,images/FA00172198_2.jpg
SUFCCAINHN0092,large,images/FA00172198_3.jpg
SUFCCAINHN0092,large,images/FA00172198_4.jpg
SUFCCAINHN0092,large,images/FA00172198_5.jpg
SUFCCAINHN0092,large,images/FA00172198_6.jpg
SUFCCAINHN0092,large,images/FA00172198_7.jpg
SUFCCAINHN0092,medium,images/FA00172198_1.jpg
SUFCCAINHN0092,medium,images/FA00172198_2.jpg
SUFCCAINHN0092,medium,images/FA00172198_3.jpg
SUFCCAINHN0092,medium,images/FA00172198_4.jpg
SUFCCAINHN0092,medium,images/FA00172198_5.jpg
SUFCCAINHN0092,medium,images/FA00172198_6.jpg
SUFCCAINHN0092,medium,images/FA00172198_7.jpg
SUFCCAINHN0092,small,images/FA00172198_1.jpg
SUFCCAINHN0092,small,images/FA00172198_2.jpg
SUFCCAINHN0092,small,images/FA00172198_3.jpg
SUFCCAINHN0092,small,images/FA00172198_4.jpg
SUFCCAINHN0092,small,images/FA00172198_5.jpg
SUFCCAINHN0092,small,images/FA00172198_6.jpg
SUFCCAINHN0092,small,images/FA00172198_7.jpg
SUFCCAINHN0089,large,images/FA00172217_1.jpg
SUFCCAINHN0089,large,images/FA00172217_2.jpg
SUFCCAINHN0089,large,images/FA00172217_3.jpg
SUFCCAINHN0089,large,images/FA00172217_4.jpg
SUFCCAINHN0089,large,images/FA00172217_5.jpg
SUFCCAINHN0089,large,images/FA00172217_6.jpg
SUFCCAINHN0089,large,images/FA00172217_7.jpg
SUFCCAINHN0089,medium,images/FA00172217_1.jpg
SUFCCAINHN0089,medium,images/FA00172217_2.jpg
SUFCCAINHN0089,medium,images/FA00172217_3.jpg
SUFCCAINHN0089,medium,images/FA00172217_4.jpg
SUFCCAINHN0089,medium,images/FA00172217_5.jpg
SUFCCAINHN0089,medium,images/FA00172217_6.jpg
SUFCCAINHN0089,medium,images/FA00172217_7.jpg
SUFCCAINHN0089,small,images/FA00172217_1.jpg
SUFCCAINHN0089,small,images/FA00172217_2.jpg
SUFCCAINHN0089,small,images/FA00172217_3.jpg
SUFCCAINHN0089,small,images/FA00172217_4.jpg
SUFCCAINHN0089,small,images/FA00172217_5.jpg
SUFCCAINHN0089,small,images/FA00172217_6.jpg
SUFCCAINHN0089,small,images/FA00172217_7.jpg
SUFCCAINHN0094,large,images/FA00172245_1.jpg
SUFCCAINHN0094,large,images/FA00172245_2.jpg
SUFCCAINHN0094,large,images/FA00172245_3.jpg
SUFCCAINHN0094,large,images/FA00172245_4.jpg
SUFCCAINHN0094,large,images/FA00172245_5.jpg
SUFCCAINHN0094,large,images/FA00172245_6.jpg
SUFCCAINHN0094,large,images/FA00172245_7.jpg
SUFCCAINHN0094,large,images/FA00172245_8.jpg
SUFCCAINHN0094,large,images/FA00172245_9.jpg
SUFCCAINHN0094,medium,images/FA00172245_1.jpg
SUFCCAINHN0094,medium,images/FA00172245_2.jpg
SUFCCAINHN0094,medium,images/FA00172245_3.jpg
SUFCCAINHN0094,medium,images/FA00172245_4.jpg
SUFCCAINHN0094,medium,images/FA00172245_5.jpg
SUFCCAINHN0094,medium,images/FA00172245_6.jpg
SUFCCAINHN0094,medium,images/FA00172245_7.jpg
SUFCCAINHN0094,medium,images/FA00172245_8.jpg
SUFCCAINHN0094,medium,images/FA00172245_9.jpg
SUFCCAINHN0094,small,images/FA00172245_1.jpg
SUFCCAINHN0094,small,images/FA00172245_2.jpg
SUFCCAINHN0094,small,images/FA00172245_3.jpg
SUFCCAINHN0094,small,images/FA00172245_4.jpg
SUFCCAINHN0094,small,images/FA00172245_5.jpg
SUFCCAINHN0094,small,images/FA00172245_6.jpg
SUFCCAINHN0094,small,images/FA00172245_7.jpg
SUFCCAINHN0094,small,images/FA00172245_8.jpg
SUFCCAINHN0094,small,images/FA00172245_9.jpg
SUFCCAINHN0095,large,images/FA00172259_1.jpg
SUFCCAINHN0095,medium,images/FA00172259_1.jpg
SUFCCAINHN0095,small,images/FA00172259_1.jpg
SUFCCAINHN0096,large,images/FA00172273_1.jpg
SUFCCAINHN0096,large,images/FA00172273_2.jpg
SUFCCAINHN0096,large,images/FA00172273_3.jpg
SUFCCAINHN0096,large,images/FA00172273_4.jpg
SUFCCAINHN0096,large,images/FA00172273_5.jpg
SUFCCAINHN0096,large,images/FA00172273_6.jpg
SUFCCAINHN0096,large,images/FA00172273_7.jpg
SUFCCAINHN0096,large,images/FA00172273_8.jpg
SUFCCAINHN0096,large,images/FA00172273_9.jpg
SUFCCAINHN0096,medium,images/FA00172273_1.jpg
SUFCCAINHN0096,medium,images/FA00172273_2.jpg
SUFCCAINHN0096,medium,images/FA00172273_3.jpg
SUFCCAINHN0096,medium,images/FA00172273_4.jpg
SUFCCAINHN0096,medium,images/FA00172273_5.jpg
SUFCCAINHN0096,medium,images/FA00172273_6.jpg
SUFCCAINHN0096,medium,images/FA00172273_7.jpg
SUFCCAINHN0096,medium,images/FA00172273_8.jpg
SUFCCAINHN0096,medium,images/FA00172273_9.jpg
SUFCCAINHN0096,small,images/FA00172273_1.jpg
SUFCCAINHN0096,small,images/FA00172273_2.jpg
SUFCCAINHN0096,small,images/FA00172273_3.jpg
SUFCCAINHN0096,small,images/FA00172273_4.jpg
SUFCCAINHN0096,small,images/FA00172273_5.jpg
SUFCCAINHN0096,small,images/FA00172273_6.jpg
SUFCCAINHN0096,small,images/FA00172273_7.jpg
SUFCCAINHN0096,small,images/FA00172273_8.jpg
SUFCCAINHN0096,small,images/FA00172273_9.jpg
LMACRBAMCZ0071,large,images/FA00172631_1.jpg
LMACRBAMCZ0071,large,images/FA00172631_2.jpg
LMACRBAMCZ0071,large,images/FA00172631_3.jpg
LMACRBAMCZ0071,large,images/FA00172631_4.jpg
LMACRBAMCZ0071,medium,images/FA00172631_1.jpg
LMACRBAMCZ0071,medium,images/FA00172631_2.jpg
LMACRBAMCZ0071,medium,images/FA00172631_3.jpg
LMACRBAMCZ0071,medium,images/FA00172631_4.jpg
LMACRBAMCZ0071,small,images/FA00172631_1.jpg
LMACRBAMCZ0071,small,images/FA00172631_2.jpg
LMACRBAMCZ0071,small,images/FA00172631_3.jpg
LMACRBAMCZ0071,small,images/FA00172631_4.jpg
LMCCCAINHL0119,large,images/FA00172857_1.jpg
LMCCCAINHL0119,large,images/FA00172857_2.jpg
LMCCCAINHL0119,large,images/FA00172857_3.jpg
LMCCCAINHL0119,large,images/FA00172857_4.jpg
LMCCCAINHL0119,large,images/FA00172857_5.jpg
LMCCCAINHL0119,large,images/FA00172857_6.jpg
LMCCCAINHL0119,medium,images/FA00172857_1.jpg
LMCCCAINHL0119,medium,images/FA00172857_2.jpg
LMCCCAINHL0119,medium,images/FA00172857_3.jpg
LMCCCAINHL0119,medium,images/FA00172857_4.jpg
LMCCCAINHL0119,medium,images/FA00172857_5.jpg
LMCCCAINHL0119,medium,images/FA00172857_6.jpg
LMCCCAINHL0119,small,images/FA00172857_1.jpg
LMCCCAINHL0119,small,images/FA00172857_2.jpg
LMCCCAINHL0119,small,images/FA00172857_3.jpg
LMCCCAINHL0119,small,images/FA00172857_4.jpg
LMCCCAINHL0119,small,images/FA00172857_5.jpg
LMCCCAINHL0119,small,images/FA00172857_6.jpg
LMCCCAINHL0120,large,images/FA00172862_1.jpg
LMCCCAINHL0120,large,images/FA00172862_2.jpg
LMCCCAINHL0120,large,images/FA00172862_3.jpg
LMCCCAINHL0120,large,images/FA00172862_4.jpg
LMCCCAINHL0120,large,images/FA00172862_5.jpg
LMCCCAINHL0120,large,images/FA00172862_6.jpg
LMCCCAINHL0120,medium,images/FA00172862_1.jpg
LMCCCAINHL0120,medium,images/FA00172862_2.jpg
LMCCCAINHL0120,medium,images/FA00172862_3.jpg
LMCCCAINHL0120,medium,images/FA00172862_4.jpg
LMCCCAINHL0120,medium,images/FA00172862_5.jpg
LMCCCAINHL0120,medium,images/FA00172862_6.jpg
LMCCCAINHL0120,small,images/FA00172862_1.jpg
LMCCCAINHL0120,small,images/FA00172862_2.jpg
LMCCCAINHL0120,small,images/FA00172862_3.jpg
LMCCCAINHL0120,small,images/FA00172862_4.jpg
LMCCCAINHL0120,small,images/FA00172862_5.jpg
LMCCCAINHL0120,small,images/FA00172862_6.jpg
LMCCCAINHL0121,large,images/FA00172867_1.jpg
LMCCCAINHL0121,large,images/FA00172867_2.jpg
LMCCCAINHL0121,large,images/FA00172867_3.jpg
LMCCCAINHL0121,large,images/FA00172867_4.jpg
LMCCCAINHL0121,large,images/FA00172867_5.jpg
LMCCCAINHL0121,large,images/FA00172867_6.jpg
LMCCCAINHL0121,medium,images/FA00172867_1.jpg
LMCCCAINHL0121,medium,images/FA00172867_2.jpg
LMCCCAINHL0121,medium,images/FA00172867_3.jpg
LMCCCAINHL0121,medium,images/FA00172867_4.jpg
LMCCCAINHL0121,medium,images/FA00172867_5.jpg
LMCCCAINHL0121,medium,images/FA00172867_6.jpg
LMCCCAINHL0121,small,images/FA00172867_1.jpg
LMCCCAINHL0121,small,images/FA00172867_2.jpg
LMCCCAINHL0121,small,images/FA00172867_3.jpg
LMCCCAINHL0121,small,images/FA00172867_4.jpg
LMCCCAINHL0121,small,images/FA00172867_5.jpg
LMCCCAINHL0121,small,images/FA00172867_6.jpg
LMCCCAINHL0122,large,images/FA00172872_1.jpg
LMCCCAINHL0122,large,images/FA00172872_2.jpg
LMCCCAINHL0122,large,images/FA00172872_3.jpg
LMCCCAINHL0122,large,images/FA00172872_4.jpg
LMCCCAINHL0122,large,images/FA00172872_5.jpg
LMCCCAINHL0122,large,images/FA00172872_6.jpg
LMCCCAINHL0122,medium,images/FA00172872_1.jpg
LMCCCAINHL0122,medium,images/FA00172872_2.jpg
LMCCCAINHL0122,medium,images/FA00172872_3.jpg
LMCCCAINHL0122,medium,images/FA00172872_4.jpg
LMCCCAINHL0122,medium,images/FA00172872_5.jpg
LMCCCAINHL0122,medium,images/FA00172872_6.jpg
LMCCCAINHL0122,small,images/FA00172872_1.jpg
LMCCCAINHL0122,small,images/FA00172872_2.jpg
LMCCCAINHL0122,small,images/FA00172872_3.jpg
LMCCCAINHL0122,small,images/FA00172872_4.jpg
LMCCCAINHL0122,small,images/FA00172872_5.jpg
LMCCCAINHL0122,small,images/FA00172872_6.jpg
LMCCCAINHL0123,large,images/FA00172877_1.jpg
LMCCCAINHL0123,large,images/FA00172877_2.jpg
LMCCCAINHL0123,large,images/FA00172877_3.jpg
LMCCCAINHL0123,large,images/FA00172877_4.jpg
LMCCCAINHL0123,large,images/FA00172877_5.jpg
LMCCCAINHL0123,large,images/FA00172877_6.jpg
LMCCCAINHL0123,medium,images/FA00172877_1.jpg
LMCCCAINHL0123,medium,images/FA00172877_2.jpg
LMCCCAINHL0123,medium,images/FA00172877_3.jpg
LMCCCAINHL0123,medium,images/FA00172877_4.jpg
LMCCCAINHL0123,medium,images/FA00172877_5.jpg
LMCCCAINHL0123,medium,images/FA00172877_6.jpg
LMCCCAINHL0123,small,images/FA00172877_1.jpg
LMCCCAINHL0123,small,images/FA00172877_2.jpg
LMCCCAINHL0123,small,images/FA00172877_3.jpg
LMCCCAINHL0123,small,images/FA00172877_4.jpg
LMCCCAINHL0123,small,images/FA00172877_5.jpg
LMCCCAINHL0123,small,images/FA00172877_6.jpg
LMCCCAINHL0124,large,images/FA00172882_1.jpg
LMCCCAINHL0124,large,images/FA00172882_2.jpg
LMCCCAINHL0124,large,images/FA00172882_3.jpg
LMCCCAINHL0124,large,images/FA00172882_4.jpg
LMCCCAINHL0124,large,images/FA00172882_5.jpg
LMCCCAINHL0124,large,images/FA00172882_6.jpg
LMCCCAINHL0124,medium,images/FA00172882_1.jpg
LMCCCAINHL0124,medium,images/FA00172882_2.jpg
LMCCCAINHL0124,medium,images/FA00172882_3.jpg
LMCCCAINHL0124,medium,images/FA00172882_4.jpg
LMCCCAINHL0124,medium,images/FA00172882_5.jpg
LMCCCAINHL0124,medium,images/FA00172882_6.jpg
LMCCCAINHL0124,small,images/FA00172882_1.jpg
LMCCCAINHL0124,small,images/FA00172882_2.jpg
LMCCCAINHL0124,small,images/FA00172882_3.jpg
LMCCCAINHL0124,small,images/FA00172882_4.jpg
LMCCCAINHL0124,small,images/FA00172882_5.jpg
LMCCCAINHL0124,small,images/FA00172882_6.jpg
LMCCCAINHL0125,large,images/FA00172887_1.jpg
LMCCCAINHL0125,large,images/FA00172887_2.jpg
LMCCCAINHL0125,large,images/FA00172887_3.jpg
LMCCCAINHL0125,large,images/FA00172887_4.jpg
LMCCCAINHL0125,large,images/FA00172887_5.jpg
LMCCCAINHL0125,large,images/FA00172887_6.jpg
LMCCCAINHL0125,medium,images/FA00172887_1.jpg
LMCCCAINHL0125,medium,images/FA00172887_2.jpg
LMCCCAINHL0125,medium,images/FA00172887_3.jpg
LMCCCAINHL0125,medium,images/FA00172887_4.jpg
LMCCCAINHL0125,medium,images/FA00172887_5.jpg
LMCCCAINHL0125,medium,images/FA00172887_6.jpg
LMCCCAINHL0125,small,images/FA00172887_1.jpg
LMCCCAINHL0125,small,images/FA00172887_2.jpg
LMCCCAINHL0125,small,images/FA00172887_3.jpg
LMCCCAINHL0125,small,images/FA00172887_4.jpg
LMCCCAINHL0125,small,images/FA00172887_5.jpg
LMCCCAINHL0125,small,images/FA00172887_6.jpg
LMCCCAINHL0126,large,images/FA00172892_1.jpg
LMCCCAINHL0126,large,images/FA00172892_2.jpg
LMCCCAINHL0126,large,images/FA00172892_3.jpg
LMCCCAINHL0126,large,images/FA00172892_4.jpg
LMCCCAINHL0126,large,images/FA00172892_5.jpg
LMCCCAINHL0126,large,images/FA00172892_6.jpg
LMCCCAINHL0126,medium,images/FA00172892_1.jpg
LMCCCAINHL0126,medium,images/FA00172892_2.jpg
LMCCCAINHL0126,medium,images/FA00172892_3.jpg
LMCCCAINHL0126,medium,images/FA00172892_4.jpg
LMCCCAINHL0126,medium,images/FA00172892_5.jpg
LMCCCAINHL0126,medium,images/FA00172892_6.jpg
LMCCCAINHL0126,small,images/FA00172892_1.jpg
LMCCCAINHL0126,small,images/FA00172892_2.jpg
LMCCCAINHL0126,small,images/FA00172892_3.jpg
LMCCCAINHL0126,small,images/FA00172892_4.jpg
LMCCCAINHL0126,small,images/FA00172892_5.jpg
LMCCCAINHL0126,small,images/FA00172892_6.jpg
LMACRBAMCZ0072,large,images/FA00173025_1.jpg
LMACRBAMCZ0072,large,images/FA00173025_2.jpg
LMACRBAMCZ0072,large,images/FA00173025_3.jpg
LMACRBAMCZ0072,large,images/FA00173025_4.jpg
LMACRBAMCZ0072,medium,images/FA00173025_1.jpg
LMACRBAMCZ0072,medium,images/FA00173025_2.jpg
LMACRBAMCZ0072,medium,images/FA00173025_3.jpg
LMACRBAMCZ0072,medium,images/FA00173025_4.jpg
LMACRBAMCZ0072,small,images/FA00173025_1.jpg
LMACRBAMCZ0072,small,images/FA00173025_2.jpg
LMACRBAMCZ0072,small,images/FA00173025_3.jpg
LMACRBAMCZ0072,small,images/FA00173025_4.jpg
SUACTUCINZ0009,large,images/FA00173141_1.jpg
SUACTUCINZ0009,large,images/FA00173141_2.jpg
SUACTUCINZ0009,large,images/FA00173141_3.jpg
SUACTUCINZ0009,large,images/FA00173141_4.jpg
SUACTUCINZ0009,medium,images/FA00173141_1.jpg
SUACTUCINZ0009,medium,images/FA00173141_2.jpg
SUACTUCINZ0009,medium,images/FA00173141_3.jpg
SUACTUCINZ0009,medium,images/FA00173141_4.jpg
SUACTUCINZ0009,small,images/FA00173141_1.jpg
SUACTUCINZ0009,small,images/FA00173141_2.jpg
SUACTUCINZ0009,small,images/FA00173141_3.jpg
SUACTUCINZ0009,small,images/FA00173141_4.jpg
SUACTUCINZ0010,large,images/FA00173142_1.jpg
SUACTUCINZ0010,large,images/FA00173142_2.jpg
SUACTUCINZ0010,medium,images/FA00173142_1.jpg
SUACTUCINZ0010,medium,images/FA00173142_2.jpg
SUACTUCINZ0010,small,images/FA00173142_1.jpg
SUACTUCINZ0010,small,images/FA00173142_2.jpg
LAFCFVINHN0009,large,images/FA00173149_1.jpg
LAFCFVINHN0009,large,images/FA00173149_2.jpg
LAFCFVINHN0009,large,images/FA00173149_3.jpg
LAFCFVINHN0009,large,images/FA00173149_4.jpg
LAFCFVINHN0009,large,images/FA00173149_5.jpg
LAFCFVINHN0009,large,images/FA00173149_6.jpg
LAFCFVINHN0009,medium,images/FA00173149_1.jpg
LAFCFVINHN0009,medium,images/FA00173149_2.jpg
LAFCFVINHN0009,medium,images/FA00173149_3.jpg
LAFCFVINHN0009,medium,images/FA00173149_4.jpg
LAFCFVINHN0009,medium,images/FA00173149_5.jpg
LAFCFVINHN0009,medium,images/FA00173149_6.jpg
LAFCFVINHN0009,small,images/FA00173149_1.jpg
LAFCFVINHN0009,small,images/FA00173149_2.jpg
LAFCFVINHN0009,small,images/FA00173149_3.jpg
LAFCFVINHN0009,small,images/FA00173149_4.jpg
LAFCFVINHN0009,small,images/FA00173149_5.jpg
LAFCFVINHN0009,small,images/FA00173149_6.jpg
LMACPUEURZ0003,large,images/FA00174285_1.jpg
LMACPUEURZ0003,large,images/FA00174285_2.jpg
LMACPUEURZ0003,large,images/FA00174285_3.jpg
LMACPUEURZ0003,medium,images/FA00174285_1.jpg
LMACPUEURZ0003,medium,images/FA00174285_2.jpg
LMACPUEURZ0003,medium,images/FA00174285_3.jpg
LMACPUEURZ0003,small,images/FA00174285_1.jpg
LMACPUEURZ0003,small,images/FA00174285_2.jpg
LMACPUEURZ0003,small,images/FA00174285_3.jpg
LMACPUEURZ0004,large,images/FA00174286_1.jpg
LMACPUEURZ0004,large,images/FA00174286_2.jpg
LMACPUEURZ0004,large,images/FA00174286_3.jpg
LMACPUEURZ0004,medium,images/FA00174286_1.jpg
LMACPUEURZ0004,medium,images/FA00174286_2.jpg
LMACPUEURZ0004,medium,images/FA00174286_3.jpg
LMACPUEURZ0004,small,images/FA00174286_1.jpg
LMACPUEURZ0004,small,images/FA00174286_2.jpg
LMACPUEURZ0004,small,images/FA00174286_3.jpg
LMACPUEURZ0005,large,images/FA00174287_1.jpg
LMACPUEURZ0005,large,images/FA00174287_2.jpg
LMACPUEURZ0005,large,images/FA00174287_3.jpg
LMACPUEURZ0005,medium,images/FA00174287_1.jpg
LMACPUEURZ0005,medium,images/FA00174287_2.jpg
LMACPUEURZ0005,medium,images/FA00174287_3.jpg
LMACPUEURZ0005,small,images/FA00174287_1.jpg
LMACPUEURZ0005,small,images/FA00174287_2.jpg
LMACPUEURZ0005,small,images/FA00174287_3.jpg
LMACPUEURZ0006,large,images/FA00174288_1.jpg
LMACPUEURZ0006,large,images/FA00174288_2.jpg
LMACPUEURZ0006,large,images/FA00174288_3.jpg
LMACPUEURZ0006,medium,images/FA00174288_1.jpg
LMACPUEURZ0006,medium,images/FA00174288_2.jpg
LMACPUEURZ0006,medium,images/FA00174288_3.jpg
LMACPUEURZ0006,small,images/FA00174288_1.jpg
LMACPUEURZ0006,small,images/FA00174288_2.jpg
LMACPUEURZ0006,small,images/FA00174288_3.jpg
LMACPUEURZ0009,large,images/FA00174291_1.jpg
LMACPUEURZ0009,large,images/FA00174291_2.jpg
LMACPUEURZ0009,large,images/FA00174291_3.jpg
LMACPUEURZ0009,medium,images/FA00174291_1.jpg
LMACPUEURZ0009,medium,images/FA00174291_2.jpg
LMACPUEURZ0009,medium,images/FA00174291_3.jpg
LMACPUEURZ0009,small,images/FA00174291_1.jpg
LMACPUEURZ0009,small,images/FA00174291_2.jpg
LMACPUEURZ0009,small,images/FA00174291_3.jpg
LMACPUEURZ0012,large,images/FA00174294_1.jpg
LMACPUEURZ0012,large,images/FA00174294_2.jpg
LMACPUEURZ0012,large,images/FA00174294_3.jpg
LMACPUEURZ0012,medium,images/FA00174294_1.jpg
LMACPUEURZ0012,medium,images/FA00174294_2.jpg
LMACPUEURZ0012,medium,images/FA00174294_3.jpg
LMACPUEURZ0012,small,images/FA00174294_1.jpg
LMACPUEURZ0012,small,images/FA00174294_2.jpg
LMACPUEURZ0012,small,images/FA00174294_3.jpg
LMACMCLEZZ0001,large,images/FA00174348_1.jpg
LMACMCLEZZ0001,large,images/FA00174348_2.jpg
LMACMCLEZZ0001,large,images/FA00174348_3.jpg
LMACMCLEZZ0001,large,images/FA00174348_4.jpg
LMACMCLEZZ0001,medium,images/FA00174348_1.jpg
LMACMCLEZZ0001,medium,images/FA00174348_2.jpg
LMACMCLEZZ0001,medium,images/FA00174348_3.jpg
LMACMCLEZZ0001,medium,images/FA00174348_4.jpg
LMACMCLEZZ0001,small,images/FA00174348_1.jpg
LMACMCLEZZ0001,small,images/FA00174348_2.jpg
LMACMCLEZZ0001,small,images/FA00174348_3.jpg
LMACMCLEZZ0001,small,images/FA00174348_4.jpg
LMACMCLEZZ0002,large,images/FA00174349_1.jpg
LMACMCLEZZ0002,large,images/FA00174349_2.jpg
LMACMCLEZZ0002,large,images/FA00174349_3.jpg
LMACMCLEZZ0002,large,images/FA00174349_4.jpg
LMACMCLEZZ0002,medium,images/FA00174349_1.jpg
LMACMCLEZZ0002,medium,images/FA00174349_2.jpg
LMACMCLEZZ0002,medium,images/FA00174349_3.jpg
LMACMCLEZZ0002,medium,images/FA00174349_4.jpg
LMACMCLEZZ0002,small,images/FA00174349_1.jpg
LMACMCLEZZ0002,small,images/FA00174349_2.jpg
LMACMCLEZZ0002,small,images/FA00174349_3.jpg
LMACMCLEZZ0002,small,images/FA00174349_4.jpg
LMACMCLEZZ0003,large,images/FA00174350_1.jpg
LMACMCLEZZ0003,large,images/FA00174350_2.jpg
LMACMCLEZZ0003,large,images/FA00174350_3.jpg
LMACMCLEZZ0003,large,images/FA00174350_4.jpg
LMACMCLEZZ0003,medium,images/FA00174350_1.jpg
LMACMCLEZZ0003,medium,images/FA00174350_2.jpg
LMACMCLEZZ0003,medium,images/FA00174350_3.jpg
LMACMCLEZZ0003,medium,images/FA00174350_4.jpg
LMACMCLEZZ0003,small,images/FA00174350_1.jpg
LMACMCLEZZ0003,small,images/FA00174350_2.jpg
LMACMCLEZZ0003,small,images/FA00174350_3.jpg
LMACMCLEZZ0003,small,images/FA00174350_4.jpg
LMACMCLEZZ0004,large,images/FA00174351_1.jpg
LMACMCLEZZ0004,large,images/FA00174351_2.jpg
LMACMCLEZZ0004,large,images/FA00174351_3.jpg
LMACMCLEZZ0004,large,images/FA00174351_4.jpg
LMACMCLEZZ0004,medium,images/FA00174351_1.jpg
LMACMCLEZZ0004,medium,images/FA00174351_2.jpg
LMACMCLEZZ0004,medium,images/FA00174351_3.jpg
LMACMCLEZZ0004,medium,images/FA00174351_4.jpg
LMACMCLEZZ0004,small,images/FA00174351_1.jpg
LMACMCLEZZ0004,small,images/FA00174351_2.jpg
LMACMCLEZZ0004,small,images/FA00174351_3.jpg
LMACMCLEZZ0004,small,images/FA00174351_4.jpg
LMACMCLEZZ0005,large,images/FA00174352_1.jpg
LMACMCLEZZ0005,large,images/FA00174352_2.jpg
LMACMCLEZZ0005,large,images/FA00174352_3.jpg
LMACMCLEZZ0005,large,images/FA00174352_4.jpg
LMACMCLEZZ0005,medium,images/FA00174352_1.jpg
LMACMCLEZZ0005,medium,images/FA00174352_2.jpg
LMACMCLEZZ0005,medium,images/FA00174352_3.jpg
LMACMCLEZZ0005,medium,images/FA00174352_4.jpg
LMACMCLEZZ0005,small,images/FA00174352_1.jpg
LMACMCLEZZ0005,small,images/FA00174352_2.jpg
LMACMCLEZZ0005,small,images/FA00174352_3.jpg
LMACMCLEZZ0005,small,images/FA00174352_4.jpg
LMACMCLEZZ0006,large,images/FA00174353_1.jpg
LMACMCLEZZ0006,large,images/FA00174353_2.jpg
LMACMCLEZZ0006,large,images/FA00174353_3.jpg
LMACMCLEZZ0006,medium,images/FA00174353_1.jpg
LMACMCLEZZ0006,medium,images/FA00174353_2.jpg
LMACMCLEZZ0006,medium,images/FA00174353_3.jpg
LMACMCLEZZ0006,small,images/FA00174353_1.jpg
LMACMCLEZZ0006,small,images/FA00174353_2.jpg
LMACMCLEZZ0006,small,images/FA00174353_3.jpg
LMACMCLEZZ0008,large,images/FA00174354_1.jpg
LMACMCLEZZ0008,large,images/FA00174354_2.jpg
LMACMCLEZZ0008,large,images/FA00174354_3.jpg
LMACMCLEZZ0008,large,images/FA00174354_4.jpg
LMACMCLEZZ0008,medium,images/FA00174354_1.jpg
LMACMCLEZZ0008,medium,images/FA00174354_2.jpg
LMACMCLEZZ0008,medium,images/FA00174354_3.jpg
LMACMCLEZZ0008,medium,images/FA00174354_4.jpg
LMACMCLEZZ0008,small,images/FA00174354_1.jpg
LMACMCLEZZ0008,small,images/FA00174354_2.jpg
LMACMCLEZZ0008,small,images/FA00174354_3.jpg
LMACMCLEZZ0008,small,images/FA00174354_4.jpg
LMACMCLEZZ0007,large,images/FA00174355_1.jpg
LMACMCLEZZ0007,large,images/FA00174355_2.jpg
LMACMCLEZZ0007,large,images/FA00174355_3.jpg
LMACMCLEZZ0007,large,images/FA00174355_4.jpg
LMACMCLEZZ0007,medium,images/FA00174355_1.jpg
LMACMCLEZZ0007,medium,images/FA00174355_2.jpg
LMACMCLEZZ0007,medium,images/FA00174355_3.jpg
LMACMCLEZZ0007,medium,images/FA00174355_4.jpg
LMACMCLEZZ0007,small,images/FA00174355_1.jpg
LMACMCLEZZ0007,small,images/FA00174355_2.jpg
LMACMCLEZZ0007,small,images/FA00174355_3.jpg
LMACMCLEZZ0007,small,images/FA00174355_4.jpg
LMACMCLEZZ0009,large,images/FA00174356_1.jpg
LMACMCLEZZ0009,large,images/FA00174356_2.jpg
LMACMCLEZZ0009,large,images/FA00174356_3.jpg
LMACMCLEZZ0009,large,images/FA00174356_4.jpg
LMACMCLEZZ0009,medium,images/FA00174356_1.jpg
LMACMCLEZZ0009,medium,images/FA00174356_2.jpg
LMACMCLEZZ0009,medium,images/FA00174356_3.jpg
LMACMCLEZZ0009,medium,images/FA00174356_4.jpg
LMACMCLEZZ0009,small,images/FA00174356_1.jpg
LMACMCLEZZ0009,small,images/FA00174356_2.jpg
LMACMCLEZZ0009,small,images/FA00174356_3.jpg
LMACMCLEZZ0009,small,images/FA00174356_4.jpg
LMACMCLEZZ0010,large,images/FA00174357_1.jpg
LMACMCLEZZ0010,large,images/FA00174357_2.jpg
LMACMCLEZZ0010,large,images/FA00174357_3.jpg
LMACMCLEZZ0010,large,images/FA00174357_4.jpg
LMACMCLEZZ0010,medium,images/FA00174357_1.jpg
LMACMCLEZZ0010,medium,images/FA00174357_2.jpg
LMACMCLEZZ0010,medium,images/FA00174357_3.jpg
LMACMCLEZZ0010,medium,images/FA00174357_4.jpg
LMACMCLEZZ0010,small,images/FA00174357_1.jpg
LMACMCLEZZ0010,small,images/FA00174357_2.jpg
LMACMCLEZZ0010,small,images/FA00174357_3.jpg
LMACMCLEZZ0010,small,images/FA00174357_4.jpg
MFACTIAMCZ0002-2,large,images/FA00174650_1.jpg
MFACTIAMCZ0002-2,large,images/FA00174650_2.jpg
MFACTIAMCZ0002-2,large,images/FA00174650_3.jpg
MFACTIAMCZ0002-2,medium,images/FA00174650_1.jpg
MFACTIAMCZ0002-2,medium,images/FA00174650_2.jpg
MFACTIAMCZ0002-2,medium,images/FA00174650_3.jpg
MFACTIAMCZ0002-2,small,images/FA00174650_1.jpg
MFACTIAMCZ0002-2,small,images/FA00174650_2.jpg
MFACTIAMCZ0002-2,small,images/FA00174650_3.jpg
MFACTIAMCZ0002-1,large,images/FA00174651_1.jpg
MFACTIAMCZ0002-1,large,images/FA00174651_2.jpg
MFACTIAMCZ0002-1,large,images/FA00174651_3.jpg
MFACTIAMCZ0002-1,medium,images/FA00174651_1.jpg
MFACTIAMCZ0002-1,medium,images/FA00174651_2.jpg
MFACTIAMCZ0002-1,medium,images/FA00174651_3.jpg
MFACTIAMCZ0002-1,small,images/FA00174651_1.jpg
MFACTIAMCZ0002-1,small,images/FA00174651_2.jpg
MFACTIAMCZ0002-1,small,images/FA00174651_3.jpg
MFACTIAMCZ0002,large,images/FA00174652_1.jpg
MFACTIAMCZ0002,large,images/FA00174652_2.jpg
MFACTIAMCZ0002,large,images/FA00174652_3.jpg
MFACTIAMCZ0002,medium,images/FA00174652_1.jpg
MFACTIAMCZ0002,medium,images/FA00174652_2.jpg
MFACTIAMCZ0002,medium,images/FA00174652_3.jpg
MFACTIAMCZ0002,small,images/FA00174652_1.jpg
MFACTIAMCZ0002,small,images/FA00174652_2.jpg
MFACTIAMCZ0002,small,images/FA00174652_3.jpg
LMACNIAMCZ0001,large,images/FA00175410_1.jpg
LMACNIAMCZ0001,large,images/FA00175410_2.jpg
LMACNIAMCZ0001,large,images/FA00175410_3.jpg
LMACNIAMCZ0001,medium,images/FA00175410_1.jpg
LMACNIAMCZ0001,medium,images/FA00175410_2.jpg
LMACNIAMCZ0001,medium,images/FA00175410_3.jpg
LMACNIAMCZ0001,small,images/FA00175410_1.jpg
LMACNIAMCZ0001,small,images/FA00175410_2.jpg
LMACNIAMCZ0001,small,images/FA00175410_3.jpg
LMACNICOZZ0001-3,large,images/FA00175423_1.jpg
LMACNICOZZ0001-3,large,images/FA00175423_2.jpg
LMACNICOZZ0001-3,large,images/FA00175423_3.jpg
LMACNICOZZ0001-3,medium,images/FA00175423_1.jpg
LMACNICOZZ0001-3,medium,images/FA00175423_2.jpg
LMACNICOZZ0001-3,medium,images/FA00175423_3.jpg
LMACNICOZZ0001-3,small,images/FA00175423_1.jpg
LMACNICOZZ0001-3,small,images/FA00175423_2.jpg
LMACNICOZZ0001-3,small,images/FA00175423_3.jpg
LMACNICOZZ0001-4,large,images/FA00175424_1.jpg
LMACNICOZZ0001-4,large,images/FA00175424_2.jpg
LMACNICOZZ0001-4,large,images/FA00175424_3.jpg
LMACNICOZZ0001-4,medium,images/FA00175424_1.jpg
LMACNICOZZ0001-4,medium,images/FA00175424_2.jpg
LMACNICOZZ0001-4,medium,images/FA00175424_3.jpg
LMACNICOZZ0001-4,small,images/FA00175424_1.jpg
LMACNICOZZ0001-4,small,images/FA00175424_2.jpg
LMACNICOZZ0001-4,small,images/FA00175424_3.jpg
LMACNICOZZ0001,large,images/FA00175425_1.jpg
LMACNICOZZ0001,large,images/FA00175425_2.jpg
LMACNICOZZ0001,large,images/FA00175425_3.jpg
LMACNICOZZ0001,medium,images/FA00175425_1.jpg
LMACNICOZZ0001,medium,images/FA00175425_2.jpg
LMACNICOZZ0001,medium,images/FA00175425_3.jpg
LMACNICOZZ0001,small,images/FA00175425_1.jpg
LMACNICOZZ0001,small,images/FA00175425_2.jpg
LMACNICOZZ0001,small,images/FA00175425_3.jpg
LMACNICOZZ0001-2,large,images/FA00175426_1.jpg
LMACNICOZZ0001-2,large,images/FA00175426_2.jpg
LMACNICOZZ0001-2,large,images/FA00175426_3.jpg
LMACNICOZZ0001-2,medium,images/FA00175426_1.jpg
LMACNICOZZ0001-2,medium,images/FA00175426_2.jpg
LMACNICOZZ0001-2,medium,images/FA00175426_3.jpg
LMACNICOZZ0001-2,small,images/FA00175426_1.jpg
LMACNICOZZ0001-2,small,images/FA00175426_2.jpg
LMACNICOZZ0001-2,small,images/FA00175426_3.jpg
LMACNICOZZ0001-1,large,images/FA00175427_1.jpg
LMACNICOZZ0001-1,large,images/FA00175427_2.jpg
LMACNICOZZ0001-1,large,images/FA00175427_3.jpg
LMACNICOZZ0001-1,medium,images/FA00175427_1.jpg
LMACNICOZZ0001-1,medium,images/FA00175427_2.jpg
LMACNICOZZ0001-1,medium,images/FA00175427_3.jpg
LMACNICOZZ0001-1,small,images/FA00175427_1.jpg
LMACNICOZZ0001-1,small,images/FA00175427_2.jpg
LMACNICOZZ0001-1,small,images/FA00175427_3.jpg
LMFCSPINHL0115,large,images/FA00176777_1.jpg
LMFCSPINHL0115,large,images/FA00176777_2.jpg
LMFCSPINHL0115,large,images/FA00176777_3.jpg
LMFCSPINHL0115,large,images/FA00176777_4.jpg
LMFCSPINHL0115,large,images/FA00176777_5.jpg
LMFCSPINHL0115,large,images/FA00176777_6.jpg
LMFCSPINHL0115,medium,images/FA00176777_1.jpg
LMFCSPINHL0115,medium,images/FA00176777_2.jpg
LMFCSPINHL0115,medium,images/FA00176777_3.jpg
LMFCSPINHL0115,medium,images/FA00176777_4.jpg
LMFCSPINHL0115,medium,images/FA00176777_5.jpg
LMFCSPINHL0115,medium,images/FA00176777_6.jpg
LMFCSPINHL0115,small,images/FA00176777_1.jpg
LMFCSPINHL0115,small,images/FA00176777_2.jpg
LMFCSPINHL0115,small,images/FA00176777_3.jpg
LMFCSPINHL0115,small,images/FA00176777_4.jpg
LMFCSPINHL0115,small,images/FA00176777_5.jpg
LMFCSPINHL0115,small,images/FA00176777_6.jpg
MFACRFGPMZ0004,large,images/FA00177276_1.jpg
MFACRFGPMZ0004,large,images/FA00177276_2.jpg
MFACRFGPMZ0004,large,images/FA00177276_3.jpg
MFACRFGPMZ0004,medium,images/FA00177276_1.jpg
MFACRFGPMZ0004,medium,images/FA00177276_2.jpg
MFACRFGPMZ0004,medium,images/FA00177276_3.jpg
MFACRFGPMZ0004,small,images/FA00177276_1.jpg
MFACRFGPMZ0004,small,images/FA00177276_2.jpg
MFACRFGPMZ0004,small,images/FA00177276_3.jpg
LMFCSPINHL0084,large,images/FA00177388_1.jpg
LMFCSPINHL0084,large,images/FA00177388_2.jpg
LMFCSPINHL0084,large,images/FA00177388_3.jpg
LMFCSPINHL0084,large,images/FA00177388_4.jpg
LMFCSPINHL0084,large,images/FA00177388_5.jpg
LMFCSPINHL0084,medium,images/FA00177388_1.jpg
LMFCSPINHL0084,medium,images/FA00177388_2.jpg
LMFCSPINHL0084,medium,images/FA00177388_3.jpg
LMFCSPINHL0084,medium,images/FA00177388_4.jpg
LMFCSPINHL0084,medium,images/FA00177388_5.jpg
LMFCSPINHL0084,small,images/FA00177388_1.jpg
LMFCSPINHL0084,small,images/FA00177388_2.jpg
LMFCSPINHL0084,small,images/FA00177388_3.jpg
LMFCSPINHL0084,small,images/FA00177388_4.jpg
LMFCSPINHL0084,small,images/FA00177388_5.jpg
LMFCSPINHK0045,large,images/FA00177710_1.jpg
LMFCSPINHK0045,large,images/FA00177710_2.jpg
LMFCSPINHK0045,large,images/FA00177710_3.jpg
LMFCSPINHK0045,large,images/FA00177710_4.jpg
LMFCSPINHK0045,large,images/FA00177710_5.jpg
LMFCSPINHK0045,large,images/FA00177710_6.jpg
LMFCSPINHK0045,medium,images/FA00177710_1.jpg
LMFCSPINHK0045,medium,images/FA00177710_2.jpg
LMFCSPINHK0045,medium,images/FA00177710_3.jpg
LMFCSPINHK0045,medium,images/FA00177710_4.jpg
LMFCSPINHK0045,medium,images/FA00177710_5.jpg
LMFCSPINHK0045,medium,images/FA00177710_6.jpg
LMFCSPINHK0045,small,images/FA00177710_1.jpg
LMFCSPINHK0045,small,images/FA00177710_2.jpg
LMFCSPINHK0045,small,images/FA00177710_3.jpg
LMFCSPINHK0045,small,images/FA00177710_4.jpg
LMFCSPINHK0045,small,images/FA00177710_5.jpg
LMFCSPINHK0045,small,images/FA00177710_6.jpg
LMACGTEMEZ0001,large,images/FA00178163_1.jpg
LMACGTEMEZ0001,large,images/FA00178163_2.jpg
LMACGTEMEZ0001,large,images/FA00178163_3.jpg
LMACGTEMEZ0001,medium,images/FA00178163_1.jpg
LMACGTEMEZ0001,medium,images/FA00178163_2.jpg
LMACGTEMEZ0001,medium,images/FA00178163_3.jpg
LMACGTEMEZ0001,small,images/FA00178163_1.jpg
LMACGTEMEZ0001,small,images/FA00178163_2.jpg
LMACGTEMEZ0001,small,images/FA00178163_3.jpg
LAFCCAINHN0008,large,images/FA00178387_1.jpg
LAFCCAINHN0008,large,images/FA00178387_2.jpg
LAFCCAINHN0008,large,images/FA00178387_3.jpg
LAFCCAINHN0008,large,images/FA00178387_4.jpg
LAFCCAINHN0008,large,images/FA00178387_5.jpg
LAFCCAINHN0008,large,images/FA00178387_6.jpg
LAFCCAINHN0008,medium,images/FA00178387_1.jpg
LAFCCAINHN0008,medium,images/FA00178387_2.jpg
LAFCCAINHN0008,medium,images/FA00178387_3.jpg
LAFCCAINHN0008,medium,images/FA00178387_4.jpg
LAFCCAINHN0008,medium,images/FA00178387_5.jpg
LAFCCAINHN0008,medium,images/FA00178387_6.jpg
LAFCCAINHN0008,small,images/FA00178387_1.jpg
LAFCCAINHN0008,small,images/FA00178387_2.jpg
LAFCCAINHN0008,small,images/FA00178387_3.jpg
LAFCCAINHN0008,small,images/FA00178387_4.jpg
LAFCCAINHN0008,small,images/FA00178387_5.jpg
LAFCCAINHN0008,small,images/FA00178387_6.jpg
LMFCPAINHL0111,large,images/FA00180019_1.jpg
LMFCPAINHL0111,large,images/FA00180019_2.jpg
LMFCPAINHL0111,large,images/FA00180019_3.jpg
LMFCPAINHL0111,large,images/FA00180019_4.jpg
LMFCPAINHL0111,large,images/FA00180019_5.jpg
LMFCPAINHL0111,medium,images/FA00180019_1.jpg
LMFCPAINHL0111,medium,images/FA00180019_2.jpg
LMFCPAINHL0111,medium,images/FA00180019_3.jpg
LMFCPAINHL0111,medium,images/FA00180019_4.jpg
LMFCPAINHL0111,medium,images/FA00180019_5.jpg
LMFCPAINHL0111,small,images/FA00180019_1.jpg
LMFCPAINHL0111,small,images/FA00180019_2.jpg
LMFCPAINHL0111,small,images/FA00180019_3.jpg
LMFCPAINHL0111,small,images/FA00180019_4.jpg
LMFCPAINHL0111,small,images/FA00180019_5.jpg
LMFCSPINHL0127,large,images/FA00180501_1.jpg
LMFCSPINHL0127,large,images/FA00180501_2.jpg
LMFCSPINHL0127,large,images/FA00180501_3.jpg
LMFCSPINHL0127,large,images/FA00180501_4.jpg
LMFCSPINHL0127,medium,images/FA00180501_1.jpg
LMFCSPINHL0127,medium,images/FA00180501_2.jpg
LMFCSPINHL0127,medium,images/FA00180501_3.jpg
LMFCSPINHL0127,medium,images/FA00180501_4.jpg
LMFCSPINHL0127,small,images/FA00180501_1.jpg
LMFCSPINHL0127,small,images/FA00180501_2.jpg
LMFCSPINHL0127,small,images/FA00180501_3.jpg
LMFCSPINHL0127,small,images/FA00180501_4.jpg
LMFCSSINHL0111,large,images/FA00187234_1.jpg
LMFCSSINHL0111,large,images/FA00187234_2.jpg
LMFCSSINHL0111,large,images/FA00187234_3.jpg
LMFCSSINHL0111,large,images/FA00187234_4.jpg
LMFCSSINHL0111,large,images/FA00187234_5.jpg
LMFCSSINHL0111,large,images/FA00187234_6.jpg
LMFCSSINHL0111,medium,images/FA00187234_1.jpg
LMFCSSINHL0111,medium,images/FA00187234_2.jpg
LMFCSSINHL0111,medium,images/FA00187234_3.jpg
LMFCSSINHL0111,medium,images/FA00187234_4.jpg
LMFCSSINHL0111,medium,images/FA00187234_5.jpg
LMFCSSINHL0111,medium,images/FA00187234_6.jpg
LMFCSSINHL0111,small,images/FA00187234_1.jpg
LMFCSSINHL0111,small,images/FA00187234_2.jpg
LMFCSSINHL0111,small,images/FA00187234_3.jpg
LMFCSSINHL0111,small,images/FA00187234_4.jpg
LMFCSSINHL0111,small,images/FA00187234_5.jpg
LMFCSSINHL0111,small,images/FA00187234_6.jpg
MFACMNCOZZ0001-3,large,images/FA00191569_1.jpg
MFACMNCOZZ0001-3,large,images/FA00191569_2.jpg
MFACMNCOZZ0001-3,large,images/FA00191569_3.jpg
MFACMNCOZZ0001-3,medium,images/FA00191569_1.jpg
MFACMNCOZZ0001-3,medium,images/FA00191569_2.jpg
MFACMNCOZZ0001-3,medium,images/FA00191569_3.jpg
MFACMNCOZZ0001-3,small,images/FA00191569_1.jpg
MFACMNCOZZ0001-3,small,images/FA00191569_2.jpg
MFACMNCOZZ0001-3,small,images/FA00191569_3.jpg
MFACMNCOZZ0001-1,large,images/FA00191570_1.jpg
MFACMNCOZZ0001-1,large,images/FA00191570_2.jpg
MFACMNCOZZ0001-1,large,images/FA00191570_3.jpg
MFACMNCOZZ0001-1,medium,images/FA00191570_1.jpg
MFACMNCOZZ0001-1,medium,images/FA00191570_2.jpg
MFACMNCOZZ0001-1,medium,images/FA00191570_3.jpg
MFACMNCOZZ0001-1,small,images/FA00191570_1.jpg
MFACMNCOZZ0001-1,small,images/FA00191570_2.jpg
MFACMNCOZZ0001-1,small,images/FA00191570_3.jpg
MFACMNCOZZ0001,large,images/FA00191571_1.jpg
MFACMNCOZZ0001,large,images/FA00191571_2.jpg
MFACMNCOZZ0001,large,images/FA00191571_3.jpg
MFACMNCOZZ0001,medium,images/FA00191571_1.jpg
MFACMNCOZZ0001,medium,images/FA00191571_2.jpg
MFACMNCOZZ0001,medium,images/FA00191571_3.jpg
MFACMNCOZZ0001,small,images/FA00191571_1.jpg
MFACMNCOZZ0001,small,images/FA00191571_2.jpg
MFACMNCOZZ0001,small,images/FA00191571_3.jpg
MFACMNCOZZ0001-2,large,images/FA00191573_1.jpg
MFACMNCOZZ0001-2,large,images/FA00191573_2.jpg
MFACMNCOZZ0001-2,large,images/FA00191573_3.jpg
MFACMNCOZZ0001-2,medium,images/FA00191573_1.jpg
MFACMNCOZZ0001-2,medium,images/FA00191573_2.jpg
MFACMNCOZZ0001-2,medium,images/FA00191573_3.jpg
MFACMNCOZZ0001-2,small,images/FA00191573_1.jpg
MFACMNCOZZ0001-2,small,images/FA00191573_2.jpg
MFACMNCOZZ0001-2,small,images/FA00191573_3.jpg
MFACMNCOZZ0001-4,large,images/FA00191574_1.jpg
MFACMNCOZZ0001-4,large,images/FA00191574_2.jpg
MFACMNCOZZ0001-4,large,images/FA00191574_3.jpg
MFACMNCOZZ0001-4,medium,images/FA00191574_1.jpg
MFACMNCOZZ0001-4,medium,images/FA00191574_2.jpg
MFACMNCOZZ0001-4,medium,images/FA00191574_3.jpg
MFACMNCOZZ0001-4,small,images/FA00191574_1.jpg
MFACMNCOZZ0001-4,small,images/FA00191574_2.jpg
MFACMNCOZZ0001-4,small,images/FA00191574_3.jpg
MFACMNCOZZ0001-5,large,images/FA00191575_1.jpg
MFACMNCOZZ0001-5,large,images/FA00191575_2.jpg
MFACMNCOZZ0001-5,large,images/FA00191575_3.jpg
MFACMNCOZZ0001-5,medium,images/FA00191575_1.jpg
MFACMNCOZZ0001-5,medium,images/FA00191575_2.jpg
MFACMNCOZZ0001-5,medium,images/FA00191575_3.jpg
MFACMNCOZZ0001-5,small,images/FA00191575_1.jpg
MFACMNCOZZ0001-5,small,images/FA00191575_2.jpg
MFACMNCOZZ0001-5,small,images/FA00191575_3.jpg
MFACTUAMCZ0004-1,large,images/FA00192991_1.jpg
MFACTUAMCZ0004-1,large,images/FA00192991_2.jpg
MFACTUAMCZ0004-1,large,images/FA00192991_3.jpg
MFACTUAMCZ0004-1,medium,images/FA00192991_1.jpg
MFACTUAMCZ0004-1,medium,images/FA00192991_2.jpg
MFACTUAMCZ0004-1,medium,images/FA00192991_3.jpg
MFACTUAMCZ0004-1,small,images/FA00192991_1.jpg
MFACTUAMCZ0004-1,small,images/FA00192991_2.jpg
MFACTUAMCZ0004-1,small,images/FA00192991_3.jpg
MFACTUAMCZ0004,large,images/FA00192992_1.jpg
MFACTUAMCZ0004,large,images/FA00192992_2.jpg
MFACTUAMCZ0004,large,images/FA00192992_3.jpg
MFACTUAMCZ0004,medium,images/FA00192992_1.jpg
MFACTUAMCZ0004,medium,images/FA00192992_2.jpg
MFACTUAMCZ0004,medium,images/FA00192992_3.jpg
MFACTUAMCZ0004,small,images/FA00192992_1.jpg
MFACTUAMCZ0004,small,images/FA00192992_2.jpg
MFACTUAMCZ0004,small,images/FA00192992_3.jpg
MFACTUAMCZ0004-2,large,images/FA00192993_1.jpg
MFACTUAMCZ0004-2,large,images/FA00192993_2.jpg
MFACTUAMCZ0004-2,large,images/FA00192993_3.jpg
MFACTUAMCZ0004-2,medium,images/FA00192993_1.jpg
MFACTUAMCZ0004-2,medium,images/FA00192993_2.jpg
MFACTUAMCZ0004-2,medium,images/FA00192993_3.jpg
MFACTUAMCZ0004-2,small,images/FA00192993_1.jpg
MFACTUAMCZ0004-2,small,images/FA00192993_2.jpg
MFACTUAMCZ0004-2,small,images/FA00192993_3.jpg
MFACTUAMCZ0004-4,large,images/FA00192994_1.jpg
MFACTUAMCZ0004-4,large,images/FA00192994_2.jpg
MFACTUAMCZ0004-4,large,images/FA00192994_3.jpg
MFACTUAMCZ0004-4,medium,images/FA00192994_1.jpg
MFACTUAMCZ0004-4,medium,images/FA00192994_2.jpg
MFACTUAMCZ0004-4,medium,images/FA00192994_3.jpg
MFACTUAMCZ0004-4,small,images/FA00192994_1.jpg
MFACTUAMCZ0004-4,small,images/FA00192994_2.jpg
MFACTUAMCZ0004-4,small,images/FA00192994_3.jpg
MFACTUAMCZ0004-3,large,images/FA00192995_1.jpg
MFACTUAMCZ0004-3,large,images/FA00192995_2.jpg
MFACTUAMCZ0004-3,large,images/FA00192995_3.jpg
MFACTUAMCZ0004-3,medium,images/FA00192995_1.jpg
MFACTUAMCZ0004-3,medium,images/FA00192995_2.jpg
MFACTUAMCZ0004-3,medium,images/FA00192995_3.jpg
MFACTUAMCZ0004-3,small,images/FA00192995_1.jpg
MFACTUAMCZ0004-3,small,images/FA00192995_2.jpg
MFACTUAMCZ0004-3,small,images/FA00192995_3.jpg
MFACTUAMCZ0005,large,images/FA00192996_1.jpg
MFACTUAMCZ0005,large,images/FA00192996_2.jpg
MFACTUAMCZ0005,large,images/FA00192996_3.jpg
MFACTUAMCZ0005,medium,images/FA00192996_1.jpg
MFACTUAMCZ0005,medium,images/FA00192996_2.jpg
MFACTUAMCZ0005,medium,images/FA00192996_3.jpg
MFACTUAMCZ0005,small,images/FA00192996_1.jpg
MFACTUAMCZ0005,small,images/FA00192996_2.jpg
MFACTUAMCZ0005,small,images/FA00192996_3.jpg
MFACTUAMCZ0005-1,large,images/FA00192997_1.jpg
MFACTUAMCZ0005-1,large,images/FA00192997_2.jpg
MFACTUAMCZ0005-1,large,images/FA00192997_3.jpg
MFACTUAMCZ0005-1,medium,images/FA00192997_1.jpg
MFACTUAMCZ0005-1,medium,images/FA00192997_2.jpg
MFACTUAMCZ0005-1,medium,images/FA00192997_3.jpg
MFACTUAMCZ0005-1,small,images/FA00192997_1.jpg
MFACTUAMCZ0005-1,small,images/FA00192997_2.jpg
MFACTUAMCZ0005-1,small,images/FA00192997_3.jpg
MFACTUAMCZ0005-5,large,images/FA00192998_1.jpg
MFACTUAMCZ0005-5,large,images/FA00192998_2.jpg
MFACTUAMCZ0005-5,large,images/FA00192998_3.jpg
MFACTUAMCZ0005-5,medium,images/FA00192998_1.jpg
MFACTUAMCZ0005-5,medium,images/FA00192998_2.jpg
MFACTUAMCZ0005-5,medium,images/FA00192998_3.jpg
MFACTUAMCZ0005-5,small,images/FA00192998_1.jpg
MFACTUAMCZ0005-5,small,images/FA00192998_2.jpg
MFACTUAMCZ0005-5,small,images/FA00192998_3.jpg
MFACTUAMCZ0005-3,large,images/FA00192999_1.jpg
MFACTUAMCZ0005-3,large,images/FA00192999_2.jpg
MFACTUAMCZ0005-3,large,images/FA00192999_3.jpg
MFACTUAMCZ0005-3,medium,images/FA00192999_1.jpg
MFACTUAMCZ0005-3,medium,images/FA00192999_2.jpg
MFACTUAMCZ0005-3,medium,images/FA00192999_3.jpg
MFACTUAMCZ0005-3,small,images/FA00192999_1.jpg
MFACTUAMCZ0005-3,small,images/FA00192999_2.jpg
MFACTUAMCZ0005-3,small,images/FA00192999_3.jpg
MFACTUAMCZ0005-6,large,images/FA00193000_1.jpg
MFACTUAMCZ0005-6,large,images/FA00193000_2.jpg
MFACTUAMCZ0005-6,large,images/FA00193000_3.jpg
MFACTUAMCZ0005-6,medium,images/FA00193000_1.jpg
MFACTUAMCZ0005-6,medium,images/FA00193000_2.jpg
MFACTUAMCZ0005-6,medium,images/FA00193000_3.jpg
MFACTUAMCZ0005-6,small,images/FA00193000_1.jpg
MFACTUAMCZ0005-6,small,images/FA00193000_2.jpg
MFACTUAMCZ0005-6,small,images/FA00193000_3.jpg
MFACTUAMCZ0005-2,large,images/FA00193001_1.jpg
MFACTUAMCZ0005-2,large,images/FA00193001_2.jpg
MFACTUAMCZ0005-2,large,images/FA00193001_3.jpg
MFACTUAMCZ0005-2,medium,images/FA00193001_1.jpg
MFACTUAMCZ0005-2,medium,images/FA00193001_2.jpg
MFACTUAMCZ0005-2,medium,images/FA00193001_3.jpg
MFACTUAMCZ0005-2,small,images/FA00193001_1.jpg
MFACTUAMCZ0005-2,small,images/FA00193001_2.jpg
MFACTUAMCZ0005-2,small,images/FA00193001_3.jpg
MFACTUAMCZ0005-4,large,images/FA00193002_1.jpg
MFACTUAMCZ0005-4,large,images/FA00193002_2.jpg
MFACTUAMCZ0005-4,large,images/FA00193002_3.jpg
MFACTUAMCZ0005-4,medium,images/FA00193002_1.jpg
MFACTUAMCZ0005-4,medium,images/FA00193002_2.jpg
MFACTUAMCZ0005-4,medium,images/FA00193002_3.jpg
MFACTUAMCZ0005-4,small,images/FA00193002_1.jpg
MFACTUAMCZ0005-4,small,images/FA00193002_2.jpg
MFACTUAMCZ0005-4,small,images/FA00193002_3.jpg
